,group,group_name,seqnames,start,end,width,strand,score,score
1,1,PC1,Chr01,750001,800000,50000,*,-0.039,0.039
2,1,PC1,Chr01,1100001,1150000,50000,*,-0.038,0.038
3,1,PC1,Chr01,1150001,1200000,50000,*,-0.038,0.038
4,1,PC1,Chr01,1200001,1250000,50000,*,-0.038,0.038
5,1,PC1,Chr01,1250001,1300000,50000,*,-0.034,0.034
6,1,PC1,Chr01,1300001,1350000,50000,*,-0.038,0.038
7,1,PC1,Chr01,1350001,1400000,50000,*,-0.039,0.039
8,1,PC1,Chr01,1400001,1450000,50000,*,-0.039,0.039
9,1,PC1,Chr01,1450001,1500000,50000,*,-0.038,0.038
10,1,PC1,Chr01,1500001,1550000,50000,*,-0.038,0.038
11,1,PC1,Chr01,1550001,1600000,50000,*,-0.037,0.037
12,1,PC1,Chr01,1600001,1650000,50000,*,-0.038,0.038
13,1,PC1,Chr01,1650001,1700000,50000,*,-0.038,0.038
14,1,PC1,Chr01,1800001,1850000,50000,*,-0.038,0.038
15,1,PC1,Chr01,2000001,2050000,50000,*,-0.038,0.038
16,1,PC1,Chr01,2050001,2100000,50000,*,-0.039,0.039
17,1,PC1,Chr01,2100001,2150000,50000,*,-0.039,0.039
18,1,PC1,Chr01,2150001,2200000,50000,*,-0.039,0.039
19,1,PC1,Chr01,2200001,2250000,50000,*,-0.039,0.039
20,1,PC1,Chr01,2300001,2350000,50000,*,-0.039,0.039
21,1,PC1,Chr01,2350001,2400000,50000,*,-0.039,0.039
22,1,PC1,Chr01,2400001,2450000,50000,*,-0.039,0.039
23,1,PC1,Chr01,2450001,2500000,50000,*,-0.039,0.039
24,1,PC1,Chr01,2500001,2550000,50000,*,-0.037,0.037
25,1,PC1,Chr01,2550001,2600000,50000,*,-0.036,0.036
26,1,PC1,Chr01,2600001,2650000,50000,*,-0.036,0.036
27,1,PC1,Chr01,2650001,2700000,50000,*,-0.036,0.036
28,1,PC1,Chr01,2750001,2800000,50000,*,-0.037,0.037
29,1,PC1,Chr01,2800001,2850000,50000,*,-0.038,0.038
30,1,PC1,Chr01,2850001,2900000,50000,*,-0.038,0.038
31,1,PC1,Chr01,2900001,2950000,50000,*,-0.038,0.038
32,1,PC1,Chr01,2950001,3000000,50000,*,-0.038,0.038
33,1,PC1,Chr01,3000001,3050000,50000,*,-0.039,0.039
34,1,PC1,Chr01,3050001,3100000,50000,*,-0.039,0.039
35,1,PC1,Chr01,3100001,3150000,50000,*,-0.039,0.039
36,1,PC1,Chr01,3150001,3200000,50000,*,-0.038,0.038
37,1,PC1,Chr01,3200001,3250000,50000,*,-0.038,0.038
38,1,PC1,Chr01,3250001,3300000,50000,*,-0.037,0.037
39,1,PC1,Chr01,3300001,3350000,50000,*,-0.037,0.037
40,1,PC1,Chr01,3350001,3400000,50000,*,-0.037,0.037
41,1,PC1,Chr01,3400001,3450000,50000,*,-0.036,0.036
42,1,PC1,Chr01,3450001,3500000,50000,*,-0.036,0.036
43,1,PC1,Chr01,3500001,3550000,50000,*,-0.037,0.037
44,1,PC1,Chr01,3550001,3600000,50000,*,-0.038,0.038
45,1,PC1,Chr01,3600001,3650000,50000,*,-0.038,0.038
46,1,PC1,Chr01,3650001,3700000,50000,*,-0.039,0.039
47,1,PC1,Chr01,3700001,3750000,50000,*,-0.038,0.038
48,1,PC1,Chr01,3750001,3800000,50000,*,-0.039,0.039
49,1,PC1,Chr01,3800001,3850000,50000,*,-0.039,0.039
50,1,PC1,Chr01,3850001,3900000,50000,*,-0.039,0.039
51,1,PC1,Chr01,3900001,3950000,50000,*,-0.039,0.039
52,1,PC1,Chr01,3950001,4000000,50000,*,-0.039,0.039
53,1,PC1,Chr01,4000001,4050000,50000,*,-0.04,0.04
54,1,PC1,Chr01,4050001,4100000,50000,*,-0.039,0.039
55,1,PC1,Chr01,4100001,4150000,50000,*,-0.039,0.039
56,1,PC1,Chr01,4150001,4200000,50000,*,-0.039,0.039
57,1,PC1,Chr01,4200001,4250000,50000,*,-0.039,0.039
58,1,PC1,Chr01,4250001,4300000,50000,*,-0.038,0.038
59,1,PC1,Chr01,4300001,4350000,50000,*,-0.038,0.038
60,1,PC1,Chr01,4350001,4400000,50000,*,-0.038,0.038
61,1,PC1,Chr01,4400001,4450000,50000,*,-0.037,0.037
62,1,PC1,Chr01,4450001,4500000,50000,*,-0.037,0.037
63,1,PC1,Chr01,4500001,4550000,50000,*,-0.038,0.038
64,1,PC1,Chr01,4550001,4600000,50000,*,-0.038,0.038
65,1,PC1,Chr01,4600001,4650000,50000,*,-0.039,0.039
66,1,PC1,Chr01,4650001,4700000,50000,*,-0.039,0.039
67,1,PC1,Chr01,4700001,4750000,50000,*,-0.039,0.039
68,1,PC1,Chr01,4750001,4800000,50000,*,-0.038,0.038
69,1,PC1,Chr01,4800001,4850000,50000,*,-0.039,0.039
70,1,PC1,Chr01,4850001,4900000,50000,*,-0.039,0.039
71,1,PC1,Chr01,4900001,4950000,50000,*,-0.037,0.037
72,1,PC1,Chr01,4950001,5000000,50000,*,-0.036,0.036
73,1,PC1,Chr01,5000001,5050000,50000,*,-0.037,0.037
74,1,PC1,Chr01,5050001,5100000,50000,*,-0.037,0.037
75,1,PC1,Chr01,5100001,5150000,50000,*,-0.038,0.038
76,1,PC1,Chr01,5150001,5200000,50000,*,-0.038,0.038
77,1,PC1,Chr01,5200001,5250000,50000,*,-0.039,0.039
78,1,PC1,Chr01,5250001,5300000,50000,*,-0.039,0.039
79,1,PC1,Chr01,5300001,5350000,50000,*,-0.038,0.038
80,1,PC1,Chr01,5350001,5400000,50000,*,-0.038,0.038
81,1,PC1,Chr01,5400001,5450000,50000,*,-0.039,0.039
82,1,PC1,Chr01,5450001,5500000,50000,*,-0.038,0.038
83,1,PC1,Chr01,5500001,5550000,50000,*,-0.039,0.039
84,1,PC1,Chr01,5550001,5600000,50000,*,-0.039,0.039
85,1,PC1,Chr01,5600001,5650000,50000,*,-0.039,0.039
86,1,PC1,Chr01,5650001,5700000,50000,*,-0.038,0.038
87,1,PC1,Chr01,5700001,5750000,50000,*,-0.039,0.039
88,1,PC1,Chr01,5750001,5800000,50000,*,-0.039,0.039
89,1,PC1,Chr01,5800001,5850000,50000,*,-0.039,0.039
90,1,PC1,Chr01,5850001,5900000,50000,*,-0.039,0.039
91,1,PC1,Chr01,5900001,5950000,50000,*,-0.039,0.039
92,1,PC1,Chr01,5950001,6000000,50000,*,-0.039,0.039
93,1,PC1,Chr01,6000001,6050000,50000,*,-0.039,0.039
94,1,PC1,Chr01,6050001,6100000,50000,*,-0.039,0.039
95,1,PC1,Chr01,6100001,6150000,50000,*,-0.04,0.04
96,1,PC1,Chr01,6150001,6200000,50000,*,-0.039,0.039
97,1,PC1,Chr01,6200001,6250000,50000,*,-0.039,0.039
98,1,PC1,Chr01,6250001,6300000,50000,*,-0.039,0.039
99,1,PC1,Chr01,6300001,6350000,50000,*,-0.039,0.039
100,1,PC1,Chr01,6350001,6400000,50000,*,-0.039,0.039
101,1,PC1,Chr01,6400001,6450000,50000,*,-0.039,0.039
102,1,PC1,Chr01,6450001,6500000,50000,*,-0.039,0.039
103,1,PC1,Chr01,6500001,6550000,50000,*,-0.04,0.04
104,1,PC1,Chr01,6550001,6600000,50000,*,-0.039,0.039
105,1,PC1,Chr01,6600001,6650000,50000,*,-0.039,0.039
106,1,PC1,Chr01,6650001,6700000,50000,*,-0.039,0.039
107,1,PC1,Chr01,6700001,6750000,50000,*,-0.039,0.039
108,1,PC1,Chr01,6750001,6800000,50000,*,-0.038,0.038
109,1,PC1,Chr01,6800001,6850000,50000,*,-0.039,0.039
110,1,PC1,Chr01,6850001,6900000,50000,*,-0.039,0.039
111,1,PC1,Chr01,6900001,6950000,50000,*,-0.038,0.038
112,1,PC1,Chr01,6950001,7000000,50000,*,-0.039,0.039
113,1,PC1,Chr01,7000001,7050000,50000,*,-0.039,0.039
114,1,PC1,Chr01,7050001,7100000,50000,*,-0.039,0.039
115,1,PC1,Chr01,7100001,7150000,50000,*,-0.036,0.036
116,1,PC1,Chr01,7150001,7200000,50000,*,-0.038,0.038
117,1,PC1,Chr01,7200001,7250000,50000,*,-0.038,0.038
118,1,PC1,Chr01,7250001,7300000,50000,*,-0.036,0.036
119,1,PC1,Chr01,7300001,7350000,50000,*,-0.036,0.036
120,1,PC1,Chr01,7350001,7400000,50000,*,-0.035,0.035
121,1,PC1,Chr01,7400001,7450000,50000,*,-0.028,0.028
122,1,PC1,Chr01,7450001,7500000,50000,*,-0.027,0.027
123,1,PC1,Chr01,7500001,7550000,50000,*,-0.02,0.02
124,1,PC1,Chr01,7550001,7600000,50000,*,0.012,-0.012
125,1,PC1,Chr01,7600001,7650000,50000,*,0.025,-0.025
126,1,PC1,Chr01,7650001,7700000,50000,*,0.03,-0.03
127,1,PC1,Chr01,7700001,7750000,50000,*,0.033,-0.033
128,1,PC1,Chr01,7750001,7800000,50000,*,0.035,-0.035
129,1,PC1,Chr01,7800001,7850000,50000,*,0.032,-0.032
130,1,PC1,Chr01,7850001,7900000,50000,*,0.026,-0.026
131,1,PC1,Chr01,7900001,7950000,50000,*,-0.001,0.001
132,1,PC1,Chr01,7950001,8000000,50000,*,-0.007,0.007
133,1,PC1,Chr01,8000001,8050000,50000,*,0.001,-0.001
134,1,PC1,Chr01,8050001,8100000,50000,*,0.02,-0.02
135,1,PC1,Chr01,8100001,8150000,50000,*,-0.006,0.006
136,1,PC1,Chr01,8150001,8200000,50000,*,-0.016,0.016
137,1,PC1,Chr01,8200001,8250000,50000,*,-0.026,0.026
138,1,PC1,Chr01,8250001,8300000,50000,*,-0.03,0.03
139,1,PC1,Chr01,8300001,8350000,50000,*,-0.023,0.023
140,1,PC1,Chr01,8350001,8400000,50000,*,-0.033,0.033
141,1,PC1,Chr01,8400001,8450000,50000,*,-0.036,0.036
142,1,PC1,Chr01,8450001,8500000,50000,*,-0.037,0.037
143,1,PC1,Chr01,8500001,8550000,50000,*,-0.037,0.037
144,1,PC1,Chr01,8550001,8600000,50000,*,-0.038,0.038
145,1,PC1,Chr01,8600001,8650000,50000,*,-0.039,0.039
146,1,PC1,Chr01,8650001,8700000,50000,*,-0.038,0.038
147,1,PC1,Chr01,8700001,8750000,50000,*,-0.035,0.035
148,1,PC1,Chr01,8750001,8800000,50000,*,-0.036,0.036
149,1,PC1,Chr01,8800001,8850000,50000,*,-0.037,0.037
150,1,PC1,Chr01,8850001,8900000,50000,*,-0.037,0.037
151,1,PC1,Chr01,8900001,8950000,50000,*,-0.036,0.036
152,1,PC1,Chr01,8950001,9000000,50000,*,-0.038,0.038
153,1,PC1,Chr01,9000001,9050000,50000,*,-0.037,0.037
154,1,PC1,Chr01,9050001,9100000,50000,*,-0.039,0.039
155,1,PC1,Chr01,9100001,9150000,50000,*,-0.038,0.038
156,1,PC1,Chr01,9150001,9200000,50000,*,-0.037,0.037
157,1,PC1,Chr01,9200001,9250000,50000,*,-0.037,0.037
158,1,PC1,Chr01,9250001,9300000,50000,*,-0.038,0.038
159,1,PC1,Chr01,9300001,9350000,50000,*,-0.038,0.038
160,1,PC1,Chr01,9350001,9400000,50000,*,-0.037,0.037
161,1,PC1,Chr01,9400001,9450000,50000,*,-0.037,0.037
162,1,PC1,Chr01,9450001,9500000,50000,*,-0.036,0.036
163,1,PC1,Chr01,9500001,9550000,50000,*,-0.038,0.038
164,1,PC1,Chr01,9550001,9600000,50000,*,-0.038,0.038
165,1,PC1,Chr01,9600001,9650000,50000,*,-0.037,0.037
166,1,PC1,Chr01,9650001,9700000,50000,*,-0.038,0.038
167,1,PC1,Chr01,9700001,9750000,50000,*,-0.038,0.038
168,1,PC1,Chr01,9750001,9800000,50000,*,-0.036,0.036
169,1,PC1,Chr01,9800001,9850000,50000,*,-0.038,0.038
170,1,PC1,Chr01,9850001,9900000,50000,*,-0.036,0.036
171,1,PC1,Chr01,9900001,9950000,50000,*,-0.035,0.035
172,1,PC1,Chr01,9950001,10000000,50000,*,-0.038,0.038
173,1,PC1,Chr01,10000001,10050000,50000,*,-0.037,0.037
174,1,PC1,Chr01,10050001,10100000,50000,*,-0.037,0.037
175,1,PC1,Chr01,10100001,10150000,50000,*,-0.036,0.036
176,1,PC1,Chr01,10150001,10200000,50000,*,-0.034,0.034
177,1,PC1,Chr01,10200001,10250000,50000,*,-0.036,0.036
178,1,PC1,Chr01,10250001,10300000,50000,*,-0.033,0.033
179,1,PC1,Chr01,10300001,10350000,50000,*,-0.015,0.015
180,1,PC1,Chr01,10350001,10400000,50000,*,-0.001,0.001
181,1,PC1,Chr01,10400001,10450000,50000,*,-0.007,0.007
182,1,PC1,Chr01,10450001,10500000,50000,*,-0.015,0.015
183,1,PC1,Chr01,10500001,10550000,50000,*,-0.007,0.007
184,1,PC1,Chr01,10550001,10600000,50000,*,-0.028,0.028
185,1,PC1,Chr01,10600001,10650000,50000,*,-0.034,0.034
186,1,PC1,Chr01,10650001,10700000,50000,*,-0.034,0.034
187,1,PC1,Chr01,10700001,10750000,50000,*,-0.033,0.033
188,1,PC1,Chr01,10750001,10800000,50000,*,-0.037,0.037
189,1,PC1,Chr01,10800001,10850000,50000,*,-0.036,0.036
190,1,PC1,Chr01,10850001,10900000,50000,*,-0.036,0.036
191,1,PC1,Chr01,10900001,10950000,50000,*,-0.035,0.035
192,1,PC1,Chr01,10950001,11000000,50000,*,-0.034,0.034
193,1,PC1,Chr01,11000001,11050000,50000,*,-0.036,0.036
194,1,PC1,Chr01,11050001,11100000,50000,*,-0.034,0.034
195,1,PC1,Chr01,11100001,11150000,50000,*,-0.036,0.036
196,1,PC1,Chr01,11150001,11200000,50000,*,-0.034,0.034
197,1,PC1,Chr01,11200001,11250000,50000,*,-0.026,0.026
198,1,PC1,Chr01,11250001,11300000,50000,*,-0.018,0.018
199,1,PC1,Chr01,11300001,11350000,50000,*,0.026,-0.026
200,1,PC1,Chr01,11350001,11400000,50000,*,0.027,-0.027
201,1,PC1,Chr01,11400001,11450000,50000,*,0.011,-0.011
202,1,PC1,Chr01,11450001,11500000,50000,*,0.013,-0.013
203,1,PC1,Chr01,11500001,11550000,50000,*,0.011,-0.011
204,1,PC1,Chr01,11550001,11600000,50000,*,0.036,-0.036
205,1,PC1,Chr01,11600001,11650000,50000,*,0.036,-0.036
206,1,PC1,Chr01,11650001,11700000,50000,*,0.03,-0.03
207,1,PC1,Chr01,11700001,11750000,50000,*,0.029,-0.029
208,1,PC1,Chr01,11750001,11800000,50000,*,0.015,-0.015
209,1,PC1,Chr01,11800001,11850000,50000,*,0.024,-0.024
210,1,PC1,Chr01,11850001,11900000,50000,*,0.018,-0.018
211,1,PC1,Chr01,11900001,11950000,50000,*,0.015,-0.015
212,1,PC1,Chr01,11950001,12000000,50000,*,0.028,-0.028
213,1,PC1,Chr01,12000001,12050000,50000,*,0.032,-0.032
214,1,PC1,Chr01,12050001,12100000,50000,*,0.032,-0.032
215,1,PC1,Chr01,12100001,12150000,50000,*,0.036,-0.036
216,1,PC1,Chr01,12150001,12200000,50000,*,0.037,-0.037
217,1,PC1,Chr01,12200001,12250000,50000,*,0.033,-0.033
218,1,PC1,Chr01,12250001,12300000,50000,*,0.034,-0.034
219,1,PC1,Chr01,12300001,12350000,50000,*,0.037,-0.037
220,1,PC1,Chr01,12350001,12400000,50000,*,0.035,-0.035
221,1,PC1,Chr01,12400001,12450000,50000,*,0.024,-0.024
222,1,PC1,Chr01,12450001,12500000,50000,*,0.01,-0.01
223,1,PC1,Chr01,12500001,12550000,50000,*,-0.025,0.025
224,1,PC1,Chr01,12550001,12600000,50000,*,-0.025,0.025
225,1,PC1,Chr01,12600001,12650000,50000,*,-0.012,0.012
226,1,PC1,Chr01,12650001,12700000,50000,*,-0.026,0.026
227,1,PC1,Chr01,12700001,12750000,50000,*,0.002,-0.002
228,1,PC1,Chr01,12750001,12800000,50000,*,-0.017,0.017
229,1,PC1,Chr01,12800001,12850000,50000,*,-0.017,0.017
230,1,PC1,Chr01,12850001,12900000,50000,*,-0.029,0.029
231,1,PC1,Chr01,12900001,12950000,50000,*,-0.014,0.014
232,1,PC1,Chr01,12950001,13000000,50000,*,0.019,-0.019
233,1,PC1,Chr01,13000001,13050000,50000,*,-0.021,0.021
234,1,PC1,Chr01,13050001,13100000,50000,*,-0.028,0.028
235,1,PC1,Chr01,13100001,13150000,50000,*,-0.028,0.028
236,1,PC1,Chr01,13150001,13200000,50000,*,-0.025,0.025
237,1,PC1,Chr01,13200001,13250000,50000,*,-0.03,0.03
238,1,PC1,Chr01,13250001,13300000,50000,*,-0.024,0.024
239,1,PC1,Chr01,13300001,13350000,50000,*,-0.005,0.005
240,1,PC1,Chr01,13350001,13400000,50000,*,-0.011,0.011
241,1,PC1,Chr01,13400001,13450000,50000,*,-0.011,0.011
242,1,PC1,Chr01,13450001,13500000,50000,*,-0.01,0.01
243,1,PC1,Chr01,13500001,13550000,50000,*,-0.017,0.017
244,1,PC1,Chr01,13550001,13600000,50000,*,-0.014,0.014
245,1,PC1,Chr01,13600001,13650000,50000,*,-0.02,0.02
246,1,PC1,Chr01,13650001,13700000,50000,*,-0.02,0.02
247,1,PC1,Chr01,13700001,13750000,50000,*,-0.028,0.028
248,1,PC1,Chr01,13750001,13800000,50000,*,-0.022,0.022
249,1,PC1,Chr01,13800001,13850000,50000,*,-0.021,0.021
250,1,PC1,Chr01,13850001,13900000,50000,*,-0.027,0.027
251,1,PC1,Chr01,13900001,13950000,50000,*,-0.027,0.027
252,1,PC1,Chr01,13950001,14000000,50000,*,-0.006,0.006
253,1,PC1,Chr01,14000001,14050000,50000,*,-0.023,0.023
254,1,PC1,Chr01,14050001,14100000,50000,*,-0.026,0.026
255,1,PC1,Chr01,14100001,14150000,50000,*,-0.027,0.027
256,1,PC1,Chr01,14150001,14200000,50000,*,-0.035,0.035
257,1,PC1,Chr01,14200001,14250000,50000,*,-0.034,0.034
258,1,PC1,Chr01,14250001,14300000,50000,*,-0.034,0.034
259,1,PC1,Chr01,14300001,14350000,50000,*,-0.034,0.034
260,1,PC1,Chr01,14350001,14400000,50000,*,-0.034,0.034
261,1,PC1,Chr01,14400001,14450000,50000,*,-0.033,0.033
262,1,PC1,Chr01,14450001,14500000,50000,*,-0.034,0.034
263,1,PC1,Chr01,14500001,14550000,50000,*,-0.035,0.035
264,1,PC1,Chr01,14550001,14600000,50000,*,-0.033,0.033
265,1,PC1,Chr01,14600001,14650000,50000,*,-0.024,0.024
266,1,PC1,Chr01,14650001,14700000,50000,*,-0.031,0.031
267,1,PC1,Chr01,14700001,14750000,50000,*,-0.026,0.026
268,1,PC1,Chr01,14750001,14800000,50000,*,-0.011,0.011
269,1,PC1,Chr01,14800001,14850000,50000,*,-0.023,0.023
270,1,PC1,Chr01,14850001,14900000,50000,*,-0.007,0.007
271,1,PC1,Chr01,14900001,14950000,50000,*,-0.013,0.013
272,1,PC1,Chr01,14950001,15000000,50000,*,-0.028,0.028
273,1,PC1,Chr01,15000001,15050000,50000,*,-0.025,0.025
274,1,PC1,Chr01,15050001,15100000,50000,*,-0.018,0.018
275,1,PC1,Chr01,15100001,15150000,50000,*,-0.023,0.023
276,1,PC1,Chr01,15150001,15200000,50000,*,-0.022,0.022
277,1,PC1,Chr01,15200001,15250000,50000,*,-0.027,0.027
278,1,PC1,Chr01,15250001,15300000,50000,*,-0.024,0.024
279,1,PC1,Chr01,15300001,15350000,50000,*,-0.024,0.024
280,1,PC1,Chr01,15350001,15400000,50000,*,-0.034,0.034
281,1,PC1,Chr01,15400001,15450000,50000,*,-0.034,0.034
282,1,PC1,Chr01,15450001,15500000,50000,*,-0.035,0.035
283,1,PC1,Chr01,15500001,15550000,50000,*,-0.035,0.035
284,1,PC1,Chr01,15550001,15600000,50000,*,-0.035,0.035
285,1,PC1,Chr01,15600001,15650000,50000,*,-0.033,0.033
286,1,PC1,Chr01,15650001,15700000,50000,*,-0.034,0.034
287,1,PC1,Chr01,15700001,15750000,50000,*,-0.034,0.034
288,1,PC1,Chr01,15750001,15800000,50000,*,-0.031,0.031
289,1,PC1,Chr01,15800001,15850000,50000,*,-0.03,0.03
290,1,PC1,Chr01,15850001,15900000,50000,*,-0.033,0.033
291,1,PC1,Chr01,15900001,15950000,50000,*,-0.03,0.03
292,1,PC1,Chr01,15950001,16000000,50000,*,-0.029,0.029
293,1,PC1,Chr01,16000001,16050000,50000,*,-0.027,0.027
294,1,PC1,Chr01,16050001,16100000,50000,*,-0.03,0.03
295,1,PC1,Chr01,16100001,16150000,50000,*,-0.029,0.029
296,1,PC1,Chr01,16150001,16200000,50000,*,-0.032,0.032
297,1,PC1,Chr01,16200001,16250000,50000,*,-0.02,0.02
298,1,PC1,Chr01,16250001,16300000,50000,*,0.001,-0.001
299,1,PC1,Chr01,16300001,16350000,50000,*,-0.003,0.003
300,1,PC1,Chr01,16350001,16400000,50000,*,-0.015,0.015
301,1,PC1,Chr01,16400001,16450000,50000,*,-0.027,0.027
302,1,PC1,Chr01,16450001,16500000,50000,*,-0.024,0.024
303,1,PC1,Chr01,16500001,16550000,50000,*,0.013,-0.013
304,1,PC1,Chr01,16550001,16600000,50000,*,0.005,-0.005
305,1,PC1,Chr01,16600001,16650000,50000,*,-0.012,0.012
306,1,PC1,Chr01,16650001,16700000,50000,*,-0.01,0.01
307,1,PC1,Chr01,16700001,16750000,50000,*,0.024,-0.024
308,1,PC1,Chr01,16750001,16800000,50000,*,0.03,-0.03
309,1,PC1,Chr01,16800001,16850000,50000,*,0.036,-0.036
310,1,PC1,Chr01,16850001,16900000,50000,*,0.036,-0.036
311,1,PC1,Chr01,16900001,16950000,50000,*,0.022,-0.022
312,1,PC1,Chr01,16950001,17000000,50000,*,0.036,-0.036
313,1,PC1,Chr01,17000001,17050000,50000,*,0.037,-0.037
314,1,PC1,Chr01,17050001,17100000,50000,*,0.028,-0.028
315,1,PC1,Chr01,17100001,17150000,50000,*,0.025,-0.025
316,1,PC1,Chr01,17150001,17200000,50000,*,0.026,-0.026
317,1,PC1,Chr01,17200001,17250000,50000,*,-0.004,0.004
318,1,PC1,Chr01,17250001,17300000,50000,*,0.007,-0.007
319,1,PC1,Chr01,17300001,17350000,50000,*,-0.023,0.023
320,1,PC1,Chr01,17350001,17400000,50000,*,-0.03,0.03
321,1,PC1,Chr01,17400001,17450000,50000,*,-0.033,0.033
322,1,PC1,Chr01,17450001,17500000,50000,*,-0.027,0.027
323,1,PC1,Chr01,17500001,17550000,50000,*,-0.026,0.026
324,1,PC1,Chr01,17550001,17600000,50000,*,0.027,-0.027
325,1,PC1,Chr01,17600001,17650000,50000,*,0.025,-0.025
326,1,PC1,Chr01,17650001,17700000,50000,*,-0.022,0.022
327,1,PC1,Chr01,17700001,17750000,50000,*,0.014,-0.014
328,1,PC1,Chr01,17750001,17800000,50000,*,0.013,-0.013
329,1,PC1,Chr01,17800001,17850000,50000,*,0.001,-0.001
330,1,PC1,Chr01,17850001,17900000,50000,*,0.039,-0.039
331,1,PC1,Chr01,17900001,17950000,50000,*,0.039,-0.039
332,1,PC1,Chr01,17950001,18000000,50000,*,0.038,-0.038
333,1,PC1,Chr01,18000001,18050000,50000,*,0.039,-0.039
334,1,PC1,Chr01,18050001,18100000,50000,*,0.038,-0.038
335,1,PC1,Chr01,18100001,18150000,50000,*,0.034,-0.034
336,1,PC1,Chr01,18150001,18200000,50000,*,0.034,-0.034
337,1,PC1,Chr01,18200001,18250000,50000,*,0.037,-0.037
338,1,PC1,Chr01,18250001,18300000,50000,*,0.036,-0.036
339,1,PC1,Chr01,18300001,18350000,50000,*,0.033,-0.033
340,1,PC1,Chr01,18350001,18400000,50000,*,0.039,-0.039
341,1,PC1,Chr01,18400001,18450000,50000,*,0.039,-0.039
342,1,PC1,Chr01,18450001,18500000,50000,*,0.039,-0.039
343,1,PC1,Chr01,18500001,18550000,50000,*,0.037,-0.037
344,1,PC1,Chr01,18550001,18600000,50000,*,0.039,-0.039
345,1,PC1,Chr01,18600001,18650000,50000,*,0.039,-0.039
346,1,PC1,Chr01,18650001,18700000,50000,*,0.039,-0.039
347,1,PC1,Chr01,18700001,18750000,50000,*,0.039,-0.039
348,1,PC1,Chr01,18800001,18850000,50000,*,0.038,-0.038
349,1,PC1,Chr01,18850001,18900000,50000,*,0.039,-0.039
350,1,PC1,Chr01,18900001,18950000,50000,*,0.039,-0.039
351,1,PC1,Chr01,18950001,19000000,50000,*,0.039,-0.039
352,1,PC1,Chr01,19000001,19050000,50000,*,0.039,-0.039
353,1,PC1,Chr01,19050001,19100000,50000,*,0.039,-0.039
354,1,PC1,Chr01,19100001,19150000,50000,*,0.038,-0.038
355,1,PC1,Chr01,19150001,19200000,50000,*,0.037,-0.037
356,1,PC1,Chr01,19200001,19250000,50000,*,0.038,-0.038
357,1,PC1,Chr01,19250001,19300000,50000,*,0.037,-0.037
358,1,PC1,Chr01,19300001,19350000,50000,*,0.032,-0.032
359,1,PC1,Chr01,19350001,19400000,50000,*,0.031,-0.031
360,1,PC1,Chr01,19400001,19450000,50000,*,0.019,-0.019
361,1,PC1,Chr01,19450001,19500000,50000,*,0.037,-0.037
362,1,PC1,Chr01,19500001,19550000,50000,*,0.035,-0.035
363,1,PC1,Chr01,19550001,19600000,50000,*,0.03,-0.03
364,1,PC1,Chr01,19600001,19650000,50000,*,0.035,-0.035
365,1,PC1,Chr01,19650001,19700000,50000,*,0.018,-0.018
366,1,PC1,Chr01,19700001,19750000,50000,*,0.021,-0.021
367,1,PC1,Chr01,19750001,19800000,50000,*,0.016,-0.016
368,1,PC1,Chr01,19800001,19850000,50000,*,0.038,-0.038
369,1,PC1,Chr01,19850001,19900000,50000,*,0.039,-0.039
370,1,PC1,Chr01,19900001,19950000,50000,*,0.039,-0.039
371,1,PC1,Chr01,19950001,20000000,50000,*,0.035,-0.035
372,1,PC1,Chr01,20000001,20050000,50000,*,0.032,-0.032
373,1,PC1,Chr01,20050001,20100000,50000,*,-0.016,0.016
374,1,PC1,Chr01,20100001,20150000,50000,*,-0.002,0.002
375,1,PC1,Chr01,20150001,20200000,50000,*,0.029,-0.029
376,1,PC1,Chr01,20200001,20250000,50000,*,0.028,-0.028
377,1,PC1,Chr01,20250001,20300000,50000,*,0,0
378,1,PC1,Chr01,20300001,20350000,50000,*,-0.013,0.013
379,1,PC1,Chr01,20350001,20400000,50000,*,-0.006,0.006
380,1,PC1,Chr01,20400001,20450000,50000,*,0.01,-0.01
381,1,PC1,Chr01,20450001,20500000,50000,*,0,0
382,1,PC1,Chr01,20500001,20550000,50000,*,0.02,-0.02
383,1,PC1,Chr01,20550001,20600000,50000,*,0.037,-0.037
384,1,PC1,Chr01,20600001,20650000,50000,*,0.037,-0.037
385,1,PC1,Chr01,20650001,20700000,50000,*,0.017,-0.017
386,1,PC1,Chr01,20700001,20750000,50000,*,0.033,-0.033
387,1,PC1,Chr01,20750001,20800000,50000,*,0.034,-0.034
388,1,PC1,Chr01,20800001,20850000,50000,*,0.037,-0.037
389,1,PC1,Chr01,20850001,20900000,50000,*,0.04,-0.04
390,1,PC1,Chr01,20900001,20950000,50000,*,0.039,-0.039
391,1,PC1,Chr01,20950001,21000000,50000,*,0.039,-0.039
392,1,PC1,Chr01,21000001,21050000,50000,*,0.036,-0.036
393,1,PC1,Chr01,21050001,21100000,50000,*,0.032,-0.032
394,1,PC1,Chr01,21100001,21150000,50000,*,0.038,-0.038
395,1,PC1,Chr01,21150001,21200000,50000,*,0.037,-0.037
396,1,PC1,Chr01,21200001,21250000,50000,*,0.021,-0.021
397,1,PC1,Chr01,21250001,21300000,50000,*,0.026,-0.026
398,1,PC1,Chr01,21300001,21350000,50000,*,0.034,-0.034
399,1,PC1,Chr01,21350001,21400000,50000,*,0.026,-0.026
400,1,PC1,Chr01,21400001,21450000,50000,*,0.037,-0.037
401,1,PC1,Chr01,21450001,21500000,50000,*,0.039,-0.039
402,1,PC1,Chr01,21500001,21550000,50000,*,0.035,-0.035
403,1,PC1,Chr01,21550001,21600000,50000,*,0.039,-0.039
404,1,PC1,Chr01,21600001,21650000,50000,*,0.038,-0.038
405,1,PC1,Chr01,21650001,21700000,50000,*,0.03,-0.03
406,1,PC1,Chr01,21700001,21750000,50000,*,0.039,-0.039
407,1,PC1,Chr01,21750001,21800000,50000,*,0.039,-0.039
408,1,PC1,Chr01,21800001,21850000,50000,*,0.038,-0.038
409,1,PC1,Chr01,21850001,21900000,50000,*,0.038,-0.038
410,1,PC1,Chr01,21900001,21950000,50000,*,0.039,-0.039
411,1,PC1,Chr01,21950001,22000000,50000,*,0.039,-0.039
412,1,PC1,Chr01,22000001,22050000,50000,*,0.039,-0.039
413,1,PC1,Chr01,22050001,22100000,50000,*,0.039,-0.039
414,1,PC1,Chr01,22100001,22150000,50000,*,0.038,-0.038
415,1,PC1,Chr01,22150001,22200000,50000,*,0.004,-0.004
416,1,PC1,Chr01,22200001,22250000,50000,*,0.032,-0.032
417,1,PC1,Chr01,22250001,22300000,50000,*,0.034,-0.034
418,1,PC1,Chr01,22300001,22350000,50000,*,0.008,-0.008
419,1,PC1,Chr01,22350001,22400000,50000,*,0.026,-0.026
420,1,PC1,Chr01,22400001,22450000,50000,*,0.004,-0.004
421,1,PC1,Chr01,22450001,22500000,50000,*,-0.001,0.001
422,1,PC1,Chr01,22500001,22550000,50000,*,-0.016,0.016
423,1,PC1,Chr01,22550001,22600000,50000,*,-0.019,0.019
424,1,PC1,Chr01,22600001,22650000,50000,*,-0.002,0.002
425,1,PC1,Chr01,22650001,22700000,50000,*,0.03,-0.03
426,1,PC1,Chr01,22700001,22750000,50000,*,0.038,-0.038
427,1,PC1,Chr01,22750001,22800000,50000,*,0.031,-0.031
428,1,PC1,Chr01,22800001,22850000,50000,*,0.024,-0.024
429,1,PC1,Chr01,22850001,22900000,50000,*,0.036,-0.036
430,1,PC1,Chr01,22900001,22950000,50000,*,0.022,-0.022
431,1,PC1,Chr01,22950001,23000000,50000,*,0.039,-0.039
432,1,PC1,Chr01,23000001,23050000,50000,*,0.039,-0.039
433,1,PC1,Chr01,23050001,23100000,50000,*,0.039,-0.039
434,1,PC1,Chr01,23100001,23150000,50000,*,0.03,-0.03
435,1,PC1,Chr01,23150001,23200000,50000,*,0.026,-0.026
436,1,PC1,Chr01,23200001,23250000,50000,*,0.039,-0.039
437,1,PC1,Chr01,23250001,23300000,50000,*,0.039,-0.039
438,1,PC1,Chr01,23300001,23350000,50000,*,0.04,-0.04
439,1,PC1,Chr01,23350001,23400000,50000,*,0.036,-0.036
440,1,PC1,Chr01,23400001,23450000,50000,*,0.039,-0.039
441,1,PC1,Chr01,23450001,23500000,50000,*,0.038,-0.038
442,1,PC1,Chr01,23500001,23550000,50000,*,0.039,-0.039
443,1,PC1,Chr01,23550001,23600000,50000,*,0.04,-0.04
444,1,PC1,Chr01,23600001,23650000,50000,*,0.038,-0.038
445,1,PC1,Chr01,23650001,23700000,50000,*,0.039,-0.039
446,1,PC1,Chr01,23700001,23750000,50000,*,0.039,-0.039
447,1,PC1,Chr01,23750001,23800000,50000,*,0.039,-0.039
448,1,PC1,Chr01,23800001,23850000,50000,*,0.039,-0.039
449,1,PC1,Chr01,23850001,23900000,50000,*,0.039,-0.039
450,1,PC1,Chr01,23900001,23950000,50000,*,0.039,-0.039
451,1,PC1,Chr01,23950001,24000000,50000,*,0.039,-0.039
452,1,PC1,Chr01,24000001,24050000,50000,*,0.039,-0.039
453,1,PC1,Chr01,24050001,24100000,50000,*,0.039,-0.039
454,1,PC1,Chr01,24100001,24150000,50000,*,0.039,-0.039
455,1,PC1,Chr01,24150001,24200000,50000,*,0.038,-0.038
456,1,PC1,Chr01,24200001,24250000,50000,*,0.039,-0.039
457,1,PC1,Chr01,24250001,24300000,50000,*,0.039,-0.039
458,1,PC1,Chr01,24300001,24350000,50000,*,0.038,-0.038
459,1,PC1,Chr01,24350001,24400000,50000,*,0.038,-0.038
460,1,PC1,Chr01,24400001,24450000,50000,*,0.026,-0.026
461,1,PC1,Chr01,24450001,24500000,50000,*,0.024,-0.024
462,1,PC1,Chr01,24500001,24550000,50000,*,0.03,-0.03
463,1,PC1,Chr01,24550001,24600000,50000,*,0.038,-0.038
464,1,PC1,Chr01,24600001,24650000,50000,*,0.025,-0.025
465,1,PC1,Chr01,24650001,24700000,50000,*,0.032,-0.032
466,1,PC1,Chr01,24700001,24750000,50000,*,0.031,-0.031
467,1,PC1,Chr01,24750001,24800000,50000,*,0.009,-0.009
468,1,PC1,Chr01,24800001,24850000,50000,*,0.025,-0.025
469,1,PC1,Chr01,24850001,24900000,50000,*,0.034,-0.034
470,1,PC1,Chr01,24900001,24950000,50000,*,0.037,-0.037
471,1,PC1,Chr01,24950001,25000000,50000,*,0.036,-0.036
472,1,PC1,Chr01,25000001,25050000,50000,*,0.038,-0.038
473,1,PC1,Chr01,25050001,25100000,50000,*,0.034,-0.034
474,1,PC1,Chr01,25100001,25150000,50000,*,0.008,-0.008
475,1,PC1,Chr01,25150001,25200000,50000,*,0.023,-0.023
476,1,PC1,Chr01,25200001,25250000,50000,*,0.035,-0.035
477,1,PC1,Chr01,25250001,25300000,50000,*,0.037,-0.037
478,1,PC1,Chr01,25300001,25350000,50000,*,0.038,-0.038
479,1,PC1,Chr01,25350001,25400000,50000,*,0.032,-0.032
480,1,PC1,Chr01,25400001,25450000,50000,*,0.036,-0.036
481,1,PC1,Chr01,25450001,25500000,50000,*,0.035,-0.035
482,1,PC1,Chr01,25500001,25550000,50000,*,0.03,-0.03
483,1,PC1,Chr01,25550001,25600000,50000,*,0.039,-0.039
484,1,PC1,Chr01,25600001,25650000,50000,*,0.038,-0.038
485,1,PC1,Chr01,25650001,25700000,50000,*,0.039,-0.039
486,1,PC1,Chr01,25700001,25750000,50000,*,0.038,-0.038
487,1,PC1,Chr01,25750001,25800000,50000,*,0.036,-0.036
488,1,PC1,Chr01,25800001,25850000,50000,*,0.037,-0.037
489,1,PC1,Chr01,25850001,25900000,50000,*,-0.01,0.01
490,1,PC1,Chr01,25900001,25950000,50000,*,0.018,-0.018
491,1,PC1,Chr01,25950001,26000000,50000,*,0.037,-0.037
492,1,PC1,Chr01,26000001,26050000,50000,*,0.038,-0.038
493,1,PC1,Chr01,26050001,26100000,50000,*,0.033,-0.033
494,1,PC1,Chr01,26100001,26150000,50000,*,0.025,-0.025
495,1,PC1,Chr01,26150001,26200000,50000,*,0.037,-0.037
496,1,PC1,Chr01,26200001,26250000,50000,*,0.038,-0.038
497,1,PC1,Chr01,26250001,26300000,50000,*,0.038,-0.038
498,1,PC1,Chr01,26300001,26350000,50000,*,0.031,-0.031
499,1,PC1,Chr01,26350001,26400000,50000,*,0.009,-0.009
500,1,PC1,Chr01,26400001,26450000,50000,*,0.025,-0.025
501,1,PC1,Chr01,26450001,26500000,50000,*,0.037,-0.037
502,1,PC1,Chr01,26500001,26550000,50000,*,0.039,-0.039
503,1,PC1,Chr01,26550001,26600000,50000,*,0.039,-0.039
504,1,PC1,Chr01,26600001,26650000,50000,*,0.039,-0.039
505,1,PC1,Chr01,26650001,26700000,50000,*,0.039,-0.039
506,1,PC1,Chr01,26700001,26750000,50000,*,0.039,-0.039
507,1,PC1,Chr01,26750001,26800000,50000,*,0.038,-0.038
508,1,PC1,Chr01,26800001,26850000,50000,*,0.039,-0.039
509,1,PC1,Chr01,26850001,26900000,50000,*,0.039,-0.039
510,1,PC1,Chr01,26900001,26950000,50000,*,0.039,-0.039
511,1,PC1,Chr01,26950001,27000000,50000,*,0.039,-0.039
512,1,PC1,Chr01,27000001,27050000,50000,*,0.039,-0.039
513,1,PC1,Chr01,27050001,27100000,50000,*,0.039,-0.039
514,1,PC1,Chr01,27100001,27150000,50000,*,0.038,-0.038
515,1,PC1,Chr01,27150001,27200000,50000,*,0.039,-0.039
516,1,PC1,Chr01,27200001,27250000,50000,*,0.039,-0.039
517,1,PC1,Chr01,27250001,27300000,50000,*,0.037,-0.037
518,1,PC1,Chr01,27300001,27350000,50000,*,0.033,-0.033
519,1,PC1,Chr01,27350001,27400000,50000,*,0.037,-0.037
520,1,PC1,Chr01,27400001,27450000,50000,*,0.038,-0.038
521,1,PC1,Chr01,27450001,27500000,50000,*,0.039,-0.039
522,1,PC1,Chr01,27500001,27550000,50000,*,0.036,-0.036
523,1,PC1,Chr01,27550001,27600000,50000,*,0.039,-0.039
524,1,PC1,Chr01,27600001,27650000,50000,*,0.039,-0.039
525,1,PC1,Chr01,27650001,27700000,50000,*,0.039,-0.039
526,1,PC1,Chr01,27700001,27750000,50000,*,0.039,-0.039
527,1,PC1,Chr01,27750001,27800000,50000,*,0.038,-0.038
528,1,PC1,Chr01,27800001,27850000,50000,*,0.039,-0.039
529,1,PC1,Chr01,27850001,27900000,50000,*,0.039,-0.039
530,1,PC1,Chr01,27900001,27950000,50000,*,0.038,-0.038
531,1,PC1,Chr01,27950001,28000000,50000,*,0.036,-0.036
532,1,PC1,Chr01,28000001,28050000,50000,*,0.039,-0.039
533,1,PC1,Chr01,28050001,28100000,50000,*,0.039,-0.039
534,1,PC1,Chr01,28200001,28250000,50000,*,0.039,-0.039
535,1,PC1,Chr01,28250001,28300000,50000,*,0.038,-0.038
536,1,PC1,Chr01,28300001,28350000,50000,*,0.039,-0.039
537,1,PC1,Chr01,28350001,28400000,50000,*,0.039,-0.039
538,1,PC1,Chr01,28400001,28450000,50000,*,0.039,-0.039
539,1,PC1,Chr01,28450001,28500000,50000,*,0.039,-0.039
540,1,PC1,Chr01,28500001,28550000,50000,*,0.036,-0.036
541,1,PC1,Chr01,28550001,28600000,50000,*,0.039,-0.039
542,1,PC1,Chr01,28600001,28650000,50000,*,0.038,-0.038
543,1,PC1,Chr01,28650001,28700000,50000,*,0.035,-0.035
544,1,PC1,Chr01,28700001,28750000,50000,*,0.037,-0.037
545,1,PC1,Chr01,28750001,28800000,50000,*,0.039,-0.039
546,1,PC1,Chr01,28800001,28850000,50000,*,0.039,-0.039
547,1,PC1,Chr01,28850001,28900000,50000,*,0.039,-0.039
548,1,PC1,Chr01,28900001,28950000,50000,*,0.038,-0.038
549,1,PC1,Chr01,28950001,29000000,50000,*,0.037,-0.037
550,1,PC1,Chr01,29000001,29050000,50000,*,0.034,-0.034
551,1,PC1,Chr01,29050001,29100000,50000,*,0.033,-0.033
552,1,PC1,Chr01,29100001,29150000,50000,*,0.031,-0.031
553,1,PC1,Chr01,29150001,29200000,50000,*,0.006,-0.006
554,1,PC1,Chr01,29200001,29250000,50000,*,0.032,-0.032
555,1,PC1,Chr01,29250001,29300000,50000,*,0.039,-0.039
556,1,PC1,Chr01,29300001,29350000,50000,*,0.039,-0.039
557,1,PC1,Chr01,29350001,29400000,50000,*,0.038,-0.038
558,1,PC1,Chr01,29400001,29450000,50000,*,0.034,-0.034
559,1,PC1,Chr01,29450001,29500000,50000,*,0.031,-0.031
560,1,PC1,Chr01,29500001,29550000,50000,*,0.019,-0.019
561,1,PC1,Chr01,29550001,29600000,50000,*,0.02,-0.02
562,1,PC1,Chr01,29600001,29650000,50000,*,0.038,-0.038
563,1,PC1,Chr01,29650001,29700000,50000,*,0.039,-0.039
564,1,PC1,Chr01,29700001,29750000,50000,*,0.039,-0.039
565,1,PC1,Chr01,29750001,29800000,50000,*,0.039,-0.039
566,1,PC1,Chr01,29800001,29850000,50000,*,0.035,-0.035
567,1,PC1,Chr01,29850001,29900000,50000,*,0.037,-0.037
568,1,PC1,Chr01,29900001,29950000,50000,*,0.038,-0.038
569,1,PC1,Chr01,29950001,30000000,50000,*,0.039,-0.039
570,1,PC1,Chr01,30000001,30050000,50000,*,0.038,-0.038
571,1,PC1,Chr01,30050001,30100000,50000,*,0.039,-0.039
572,1,PC1,Chr01,30100001,30150000,50000,*,0.039,-0.039
573,1,PC1,Chr01,30150001,30200000,50000,*,0.04,-0.04
574,1,PC1,Chr01,30200001,30250000,50000,*,0.039,-0.039
575,1,PC1,Chr01,30250001,30300000,50000,*,0.039,-0.039
576,1,PC1,Chr01,30300001,30350000,50000,*,0.039,-0.039
577,1,PC1,Chr01,30350001,30400000,50000,*,0.039,-0.039
578,1,PC1,Chr01,30400001,30450000,50000,*,0.039,-0.039
579,1,PC1,Chr01,30450001,30500000,50000,*,0.04,-0.04
580,1,PC1,Chr01,30500001,30550000,50000,*,0.04,-0.04
581,1,PC1,Chr01,30550001,30600000,50000,*,0.039,-0.039
582,1,PC1,Chr01,30600001,30650000,50000,*,0.04,-0.04
583,1,PC1,Chr01,30700001,30750000,50000,*,0.039,-0.039
584,1,PC1,Chr01,30750001,30800000,50000,*,0.037,-0.037
585,1,PC1,Chr01,30800001,30850000,50000,*,0.038,-0.038
586,1,PC1,Chr01,30850001,30900000,50000,*,0.039,-0.039
587,1,PC1,Chr01,30900001,30950000,50000,*,0.035,-0.035
588,1,PC1,Chr01,30950001,31000000,50000,*,0.024,-0.024
589,1,PC1,Chr01,31000001,31050000,50000,*,0.011,-0.011
590,1,PC1,Chr01,31050001,31100000,50000,*,0.028,-0.028
591,1,PC1,Chr01,31100001,31150000,50000,*,0.023,-0.023
592,1,PC1,Chr01,31150001,31200000,50000,*,0.013,-0.013
593,1,PC1,Chr01,31200001,31250000,50000,*,0.036,-0.036
594,1,PC1,Chr01,31250001,31300000,50000,*,0.029,-0.029
595,1,PC1,Chr01,31300001,31350000,50000,*,0.038,-0.038
596,1,PC1,Chr01,31350001,31400000,50000,*,0.034,-0.034
597,1,PC1,Chr01,31400001,31450000,50000,*,0.036,-0.036
598,1,PC1,Chr01,31450001,31500000,50000,*,0.037,-0.037
599,1,PC1,Chr01,31500001,31550000,50000,*,0.032,-0.032
600,1,PC1,Chr01,31550001,31600000,50000,*,0.032,-0.032
601,1,PC1,Chr01,31600001,31650000,50000,*,0.035,-0.035
602,1,PC1,Chr01,31700001,31750000,50000,*,0.037,-0.037
603,1,PC1,Chr01,31750001,31800000,50000,*,0.037,-0.037
604,1,PC1,Chr01,31800001,31850000,50000,*,0.039,-0.039
605,1,PC1,Chr01,31850001,31900000,50000,*,0.039,-0.039
606,1,PC1,Chr01,31900001,31950000,50000,*,0.037,-0.037
607,1,PC1,Chr01,31950001,32000000,50000,*,0,0
608,1,PC1,Chr01,32000001,32050000,50000,*,0.03,-0.03
609,1,PC1,Chr01,32050001,32100000,50000,*,0.037,-0.037
610,1,PC1,Chr01,32100001,32150000,50000,*,0.028,-0.028
611,1,PC1,Chr01,32150001,32200000,50000,*,0.036,-0.036
612,1,PC1,Chr01,32200001,32250000,50000,*,0.021,-0.021
613,1,PC1,Chr01,32250001,32300000,50000,*,0.026,-0.026
614,1,PC1,Chr01,32300001,32350000,50000,*,0.004,-0.004
615,1,PC1,Chr01,32350001,32400000,50000,*,-0.019,0.019
616,1,PC1,Chr01,32400001,32450000,50000,*,-0.011,0.011
617,1,PC1,Chr01,32450001,32500000,50000,*,0.026,-0.026
618,1,PC1,Chr01,32500001,32550000,50000,*,0.031,-0.031
619,1,PC1,Chr01,32550001,32600000,50000,*,0.037,-0.037
620,1,PC1,Chr01,32600001,32650000,50000,*,0.027,-0.027
621,1,PC1,Chr01,32650001,32700000,50000,*,0.037,-0.037
622,1,PC1,Chr01,32700001,32750000,50000,*,0.039,-0.039
623,1,PC1,Chr01,32750001,32800000,50000,*,0.034,-0.034
624,1,PC1,Chr01,32800001,32850000,50000,*,0.039,-0.039
625,1,PC1,Chr01,32850001,32900000,50000,*,0.039,-0.039
626,1,PC1,Chr01,32900001,32950000,50000,*,0.036,-0.036
627,1,PC1,Chr01,32950001,33000000,50000,*,0.027,-0.027
628,1,PC1,Chr01,33000001,33050000,50000,*,0,0
629,1,PC1,Chr01,33050001,33100000,50000,*,0.007,-0.007
630,1,PC1,Chr01,33100001,33150000,50000,*,0.013,-0.013
631,1,PC1,Chr01,33150001,33200000,50000,*,0.021,-0.021
632,1,PC1,Chr01,33200001,33250000,50000,*,0.032,-0.032
633,1,PC1,Chr01,33250001,33300000,50000,*,0.032,-0.032
634,1,PC1,Chr01,33300001,33350000,50000,*,0.035,-0.035
635,1,PC1,Chr01,33350001,33400000,50000,*,0.001,-0.001
636,1,PC1,Chr01,33400001,33450000,50000,*,0,0
637,1,PC1,Chr01,33450001,33500000,50000,*,-0.005,0.005
638,1,PC1,Chr01,33500001,33550000,50000,*,0.002,-0.002
639,1,PC1,Chr01,33550001,33600000,50000,*,-0.007,0.007
640,1,PC1,Chr01,33600001,33650000,50000,*,0.031,-0.031
641,1,PC1,Chr01,33650001,33700000,50000,*,0.032,-0.032
642,1,PC1,Chr01,33700001,33750000,50000,*,-0.007,0.007
643,1,PC1,Chr01,33750001,33800000,50000,*,0.005,-0.005
644,1,PC1,Chr01,33800001,33850000,50000,*,0.026,-0.026
645,1,PC1,Chr01,33850001,33900000,50000,*,0.003,-0.003
646,1,PC1,Chr01,33900001,33950000,50000,*,0.017,-0.017
647,1,PC1,Chr01,33950001,34000000,50000,*,0.036,-0.036
648,1,PC1,Chr01,34000001,34050000,50000,*,0.033,-0.033
649,1,PC1,Chr01,34050001,34100000,50000,*,0.003,-0.003
650,1,PC1,Chr01,34100001,34150000,50000,*,-0.023,0.023
651,1,PC1,Chr01,34150001,34200000,50000,*,0.031,-0.031
652,1,PC1,Chr01,34200001,34250000,50000,*,0.021,-0.021
653,1,PC1,Chr01,34250001,34300000,50000,*,-0.003,0.003
654,1,PC1,Chr01,34300001,34350000,50000,*,0.015,-0.015
655,1,PC1,Chr01,34350001,34400000,50000,*,0.004,-0.004
656,1,PC1,Chr01,34400001,34450000,50000,*,-0.006,0.006
657,1,PC1,Chr01,34450001,34500000,50000,*,-0.02,0.02
658,1,PC1,Chr01,34500001,34550000,50000,*,-0.025,0.025
659,1,PC1,Chr01,34550001,34600000,50000,*,-0.031,0.031
660,1,PC1,Chr01,34600001,34650000,50000,*,0.011,-0.011
661,1,PC1,Chr01,34650001,34700000,50000,*,0.035,-0.035
662,1,PC1,Chr01,34700001,34750000,50000,*,0.034,-0.034
663,1,PC1,Chr01,34750001,34800000,50000,*,0.037,-0.037
664,1,PC1,Chr01,34800001,34850000,50000,*,0.038,-0.038
665,1,PC1,Chr01,34850001,34900000,50000,*,0.016,-0.016
666,1,PC1,Chr01,34900001,34950000,50000,*,0.024,-0.024
667,1,PC1,Chr01,34950001,35000000,50000,*,0.033,-0.033
668,1,PC1,Chr01,35000001,35050000,50000,*,0.038,-0.038
669,1,PC1,Chr01,35050001,35100000,50000,*,0.038,-0.038
670,1,PC1,Chr01,35100001,35150000,50000,*,0.029,-0.029
671,1,PC1,Chr01,35150001,35200000,50000,*,-0.029,0.029
672,1,PC1,Chr01,35200001,35250000,50000,*,-0.022,0.022
673,1,PC1,Chr01,35250001,35300000,50000,*,-0.012,0.012
674,1,PC1,Chr01,35300001,35350000,50000,*,0.036,-0.036
675,1,PC1,Chr01,35350001,35400000,50000,*,0.037,-0.037
676,1,PC1,Chr01,35400001,35450000,50000,*,0.037,-0.037
677,1,PC1,Chr01,35450001,35500000,50000,*,0.023,-0.023
678,1,PC1,Chr01,35550001,35600000,50000,*,0.037,-0.037
679,1,PC1,Chr01,35600001,35650000,50000,*,0.035,-0.035
680,1,PC1,Chr01,35650001,35700000,50000,*,0.037,-0.037
681,1,PC1,Chr01,35700001,35750000,50000,*,0.035,-0.035
682,1,PC1,Chr01,35750001,35800000,50000,*,0.034,-0.034
683,1,PC1,Chr01,35800001,35850000,50000,*,0.028,-0.028
684,1,PC1,Chr01,35850001,35900000,50000,*,0.035,-0.035
685,1,PC1,Chr01,35900001,35950000,50000,*,0.017,-0.017
686,1,PC1,Chr01,35950001,36000000,50000,*,0.035,-0.035
687,1,PC1,Chr01,36000001,36050000,50000,*,0.029,-0.029
688,1,PC1,Chr01,36050001,36100000,50000,*,-0.001,0.001
689,1,PC1,Chr01,36100001,36150000,50000,*,0.034,-0.034
690,1,PC1,Chr01,36150001,36200000,50000,*,0.037,-0.037
691,1,PC1,Chr01,36200001,36250000,50000,*,0.035,-0.035
692,1,PC1,Chr01,36250001,36300000,50000,*,0.018,-0.018
693,1,PC1,Chr01,36300001,36350000,50000,*,0,0
694,1,PC1,Chr01,36350001,36400000,50000,*,-0.023,0.023
695,1,PC1,Chr01,36400001,36450000,50000,*,-0.024,0.024
696,1,PC1,Chr01,36450001,36500000,50000,*,-0.013,0.013
697,1,PC1,Chr01,36500001,36550000,50000,*,0.019,-0.019
698,1,PC1,Chr01,36550001,36600000,50000,*,-0.002,0.002
699,1,PC1,Chr01,36600001,36650000,50000,*,-0.006,0.006
700,1,PC1,Chr01,36650001,36700000,50000,*,0.011,-0.011
701,1,PC1,Chr01,36700001,36750000,50000,*,0.005,-0.005
702,1,PC1,Chr01,36750001,36800000,50000,*,0.013,-0.013
703,1,PC1,Chr01,36800001,36850000,50000,*,-0.026,0.026
704,1,PC1,Chr01,36850001,36900000,50000,*,-0.012,0.012
705,1,PC1,Chr01,36900001,36950000,50000,*,-0.004,0.004
706,1,PC1,Chr01,36950001,37000000,50000,*,-0.014,0.014
707,1,PC1,Chr01,37000001,37050000,50000,*,-0.028,0.028
708,1,PC1,Chr01,37050001,37100000,50000,*,-0.021,0.021
709,1,PC1,Chr01,37100001,37150000,50000,*,-0.006,0.006
710,1,PC1,Chr01,37150001,37200000,50000,*,-0.026,0.026
711,1,PC1,Chr01,37200001,37250000,50000,*,-0.032,0.032
712,1,PC1,Chr01,37250001,37300000,50000,*,-0.035,0.035
713,1,PC1,Chr01,37300001,37350000,50000,*,-0.013,0.013
714,1,PC1,Chr01,37350001,37400000,50000,*,0.006,-0.006
715,1,PC1,Chr01,37400001,37450000,50000,*,-0.022,0.022
716,1,PC1,Chr01,37450001,37500000,50000,*,0.001,-0.001
717,1,PC1,Chr01,37500001,37550000,50000,*,0.009,-0.009
718,1,PC1,Chr01,37550001,37600000,50000,*,0.015,-0.015
719,1,PC1,Chr01,37600001,37650000,50000,*,-0.003,0.003
720,1,PC1,Chr01,37650001,37700000,50000,*,0.017,-0.017
721,1,PC1,Chr01,37700001,37750000,50000,*,0.034,-0.034
722,1,PC1,Chr01,37750001,37800000,50000,*,0.03,-0.03
723,1,PC1,Chr01,37800001,37850000,50000,*,-0.008,0.008
724,1,PC1,Chr01,37850001,37900000,50000,*,0.035,-0.035
725,1,PC1,Chr01,37900001,37950000,50000,*,0.036,-0.036
726,1,PC1,Chr01,37950001,38000000,50000,*,0.03,-0.03
727,1,PC1,Chr01,38000001,38050000,50000,*,0.035,-0.035
728,1,PC1,Chr01,38050001,38100000,50000,*,0.031,-0.031
729,1,PC1,Chr01,38150001,38200000,50000,*,0.038,-0.038
730,1,PC1,Chr01,38200001,38250000,50000,*,0.03,-0.03
731,1,PC1,Chr01,38250001,38300000,50000,*,0.037,-0.037
732,1,PC1,Chr01,38300001,38350000,50000,*,0.035,-0.035
733,1,PC1,Chr01,38350001,38400000,50000,*,0.038,-0.038
734,1,PC1,Chr01,38400001,38450000,50000,*,0.037,-0.037
735,1,PC1,Chr01,38450001,38500000,50000,*,0.036,-0.036
736,1,PC1,Chr01,38500001,38550000,50000,*,0.035,-0.035
737,1,PC1,Chr01,38550001,38600000,50000,*,0.036,-0.036
738,1,PC1,Chr01,38600001,38650000,50000,*,0.038,-0.038
739,1,PC1,Chr01,38650001,38700000,50000,*,0.036,-0.036
740,1,PC1,Chr01,38700001,38750000,50000,*,0.033,-0.033
741,1,PC1,Chr01,38750001,38800000,50000,*,0.018,-0.018
742,1,PC1,Chr01,38800001,38850000,50000,*,0.015,-0.015
743,1,PC1,Chr01,38850001,38900000,50000,*,0.034,-0.034
744,1,PC1,Chr01,38900001,38950000,50000,*,0.037,-0.037
745,1,PC1,Chr01,38950001,39000000,50000,*,0.038,-0.038
746,1,PC1,Chr01,39000001,39050000,50000,*,0.036,-0.036
747,1,PC1,Chr01,39050001,39100000,50000,*,0.035,-0.035
748,1,PC1,Chr01,39100001,39150000,50000,*,0.035,-0.035
749,1,PC1,Chr01,39150001,39200000,50000,*,0.036,-0.036
750,1,PC1,Chr01,39200001,39250000,50000,*,0.035,-0.035
751,1,PC1,Chr01,39250001,39300000,50000,*,0.017,-0.017
752,1,PC1,Chr01,39300001,39350000,50000,*,0.033,-0.033
753,1,PC1,Chr01,39350001,39400000,50000,*,0.025,-0.025
754,1,PC1,Chr01,39400001,39450000,50000,*,0.017,-0.017
755,1,PC1,Chr01,39450001,39500000,50000,*,0.037,-0.037
756,1,PC1,Chr01,39500001,39550000,50000,*,0.038,-0.038
757,1,PC1,Chr01,39550001,39600000,50000,*,0.037,-0.037
758,1,PC1,Chr01,39600001,39650000,50000,*,0.038,-0.038
759,1,PC1,Chr01,39650001,39700000,50000,*,0.038,-0.038
760,1,PC1,Chr01,39700001,39750000,50000,*,0.038,-0.038
761,1,PC1,Chr01,39750001,39800000,50000,*,0.036,-0.036
762,1,PC1,Chr01,39800001,39850000,50000,*,0.036,-0.036
763,1,PC1,Chr01,39850001,39900000,50000,*,0.037,-0.037
764,1,PC1,Chr01,39900001,39950000,50000,*,0.036,-0.036
765,1,PC1,Chr01,39950001,40000000,50000,*,0.034,-0.034
766,1,PC1,Chr01,40000001,40050000,50000,*,0.032,-0.032
767,1,PC1,Chr01,40050001,40100000,50000,*,0.035,-0.035
768,1,PC1,Chr01,40100001,40150000,50000,*,0.036,-0.036
769,1,PC1,Chr01,40150001,40200000,50000,*,0.036,-0.036
770,1,PC1,Chr01,40200001,40250000,50000,*,0.035,-0.035
771,1,PC1,Chr01,40250001,40300000,50000,*,0.035,-0.035
772,1,PC1,Chr01,40300001,40350000,50000,*,0.037,-0.037
773,1,PC1,Chr01,40350001,40400000,50000,*,0.034,-0.034
774,1,PC1,Chr01,40400001,40450000,50000,*,0.037,-0.037
775,1,PC1,Chr01,40450001,40500000,50000,*,0.037,-0.037
776,1,PC1,Chr01,40500001,40550000,50000,*,0.033,-0.033
777,1,PC1,Chr01,40550001,40600000,50000,*,0.028,-0.028
778,1,PC1,Chr01,40600001,40650000,50000,*,0.037,-0.037
779,1,PC1,Chr01,40650001,40700000,50000,*,0.036,-0.036
780,1,PC1,Chr01,40700001,40750000,50000,*,0.036,-0.036
781,1,PC1,Chr01,40750001,40800000,50000,*,0.034,-0.034
782,1,PC1,Chr01,40800001,40850000,50000,*,0.025,-0.025
783,1,PC1,Chr01,40850001,40900000,50000,*,0.033,-0.033
784,1,PC1,Chr01,40900001,40950000,50000,*,0.031,-0.031
785,1,PC1,Chr01,40950001,41000000,50000,*,0.035,-0.035
786,1,PC1,Chr01,41000001,41050000,50000,*,0.038,-0.038
787,1,PC1,Chr01,41050001,41100000,50000,*,0.03,-0.03
788,1,PC1,Chr01,41100001,41150000,50000,*,0.006,-0.006
789,1,PC1,Chr01,41150001,41200000,50000,*,0.035,-0.035
790,1,PC1,Chr01,41200001,41250000,50000,*,0.034,-0.034
791,1,PC1,Chr01,41250001,41300000,50000,*,0.032,-0.032
792,1,PC1,Chr01,41300001,41350000,50000,*,0.035,-0.035
793,1,PC1,Chr01,41350001,41400000,50000,*,0.029,-0.029
794,1,PC1,Chr01,41400001,41450000,50000,*,0.019,-0.019
795,1,PC1,Chr01,41450001,41500000,50000,*,0.017,-0.017
796,1,PC1,Chr01,41500001,41550000,50000,*,0.034,-0.034
797,1,PC1,Chr01,41550001,41600000,50000,*,0.035,-0.035
798,1,PC1,Chr01,41600001,41650000,50000,*,0.036,-0.036
799,1,PC1,Chr01,41650001,41700000,50000,*,0.036,-0.036
800,1,PC1,Chr01,41700001,41750000,50000,*,0.035,-0.035
801,1,PC1,Chr01,41750001,41800000,50000,*,0.036,-0.036
802,1,PC1,Chr01,41800001,41850000,50000,*,0.034,-0.034
803,1,PC1,Chr01,41850001,41900000,50000,*,0.019,-0.019
804,1,PC1,Chr01,41900001,41950000,50000,*,-0.009,0.009
805,1,PC1,Chr01,41950001,42000000,50000,*,0.029,-0.029
806,1,PC1,Chr01,42000001,42050000,50000,*,0.03,-0.03
807,1,PC1,Chr01,42050001,42100000,50000,*,0.03,-0.03
808,1,PC1,Chr01,42100001,42150000,50000,*,0.03,-0.03
809,1,PC1,Chr01,42150001,42200000,50000,*,0.035,-0.035
810,1,PC1,Chr01,42200001,42250000,50000,*,0.036,-0.036
811,1,PC1,Chr01,42250001,42300000,50000,*,0.036,-0.036
812,1,PC1,Chr01,42300001,42350000,50000,*,0.036,-0.036
813,1,PC1,Chr01,42350001,42400000,50000,*,0.037,-0.037
814,1,PC1,Chr01,42400001,42450000,50000,*,0.037,-0.037
815,1,PC1,Chr01,42450001,42500000,50000,*,0.034,-0.034
816,1,PC1,Chr01,42500001,42550000,50000,*,0.033,-0.033
817,1,PC1,Chr01,42550001,42600000,50000,*,0.031,-0.031
818,1,PC1,Chr01,42600001,42650000,50000,*,0.03,-0.03
819,1,PC1,Chr01,42650001,42700000,50000,*,0.005,-0.005
820,1,PC1,Chr01,42700001,42750000,50000,*,0.026,-0.026
821,1,PC1,Chr01,42750001,42800000,50000,*,0.022,-0.022
822,1,PC1,Chr01,42800001,42850000,50000,*,0.022,-0.022
823,1,PC1,Chr01,42850001,42900000,50000,*,0.021,-0.021
824,1,PC1,Chr01,42900001,42950000,50000,*,0.015,-0.015
825,1,PC1,Chr01,42950001,43000000,50000,*,0.014,-0.014
826,1,PC1,Chr01,43000001,43050000,50000,*,0.028,-0.028
827,1,PC1,Chr01,43050001,43100000,50000,*,0.031,-0.031
828,1,PC1,Chr01,43100001,43150000,50000,*,0.033,-0.033
829,1,PC1,Chr01,43150001,43200000,50000,*,0.027,-0.027
830,1,PC1,Chr01,43200001,43250000,50000,*,-0.007,0.007
831,1,PC1,Chr01,43250001,43300000,50000,*,0.006,-0.006
832,1,PC1,Chr01,43300001,43350000,50000,*,-0.005,0.005
833,1,PC1,Chr01,43350001,43400000,50000,*,0.015,-0.015
834,1,PC1,Chr01,43400001,43450000,50000,*,-0.004,0.004
835,1,PC1,Chr01,43450001,43500000,50000,*,-0.004,0.004
836,1,PC1,Chr01,43500001,43550000,50000,*,0,0
837,1,PC1,Chr01,43550001,43600000,50000,*,0.007,-0.007
838,1,PC1,Chr01,43600001,43650000,50000,*,-0.014,0.014
839,1,PC1,Chr01,43650001,43700000,50000,*,-0.017,0.017
840,1,PC1,Chr01,43700001,43750000,50000,*,-0.013,0.013
841,1,PC1,Chr01,43750001,43800000,50000,*,-0.02,0.02
842,1,PC1,Chr01,43800001,43850000,50000,*,-0.011,0.011
843,1,PC1,Chr01,43850001,43900000,50000,*,0.005,-0.005
844,1,PC1,Chr01,43900001,43950000,50000,*,-0.007,0.007
845,1,PC1,Chr01,43950001,44000000,50000,*,-0.002,0.002
846,1,PC1,Chr01,44000001,44050000,50000,*,0.005,-0.005
847,1,PC1,Chr01,44050001,44100000,50000,*,-0.003,0.003
848,1,PC1,Chr01,44100001,44150000,50000,*,0.009,-0.009
849,1,PC1,Chr01,44150001,44200000,50000,*,0.026,-0.026
850,1,PC1,Chr01,44200001,44250000,50000,*,0.027,-0.027
851,1,PC1,Chr01,44250001,44300000,50000,*,0.035,-0.035
852,1,PC1,Chr01,44300001,44350000,50000,*,0.036,-0.036
853,1,PC1,Chr01,44350001,44400000,50000,*,0.037,-0.037
854,1,PC1,Chr01,44400001,44450000,50000,*,0.037,-0.037
855,1,PC1,Chr01,44450001,44500000,50000,*,0.034,-0.034
856,1,PC1,Chr01,44500001,44550000,50000,*,0.031,-0.031
857,1,PC1,Chr01,44650001,44700000,50000,*,0.03,-0.03
858,1,PC1,Chr01,44700001,44750000,50000,*,0.022,-0.022
859,1,PC1,Chr01,44750001,44800000,50000,*,0.006,-0.006
860,1,PC1,Chr01,44800001,44850000,50000,*,-0.023,0.023
861,1,PC1,Chr01,44850001,44900000,50000,*,-0.029,0.029
862,1,PC1,Chr01,44900001,44950000,50000,*,-0.029,0.029
863,1,PC1,Chr01,44950001,45000000,50000,*,-0.03,0.03
864,1,PC1,Chr01,45000001,45050000,50000,*,-0.033,0.033
865,1,PC1,Chr01,45050001,45100000,50000,*,-0.03,0.03
866,1,PC1,Chr01,45100001,45150000,50000,*,-0.034,0.034
867,1,PC1,Chr01,45150001,45200000,50000,*,-0.034,0.034
868,1,PC1,Chr01,45200001,45250000,50000,*,-0.034,0.034
869,1,PC1,Chr01,45250001,45300000,50000,*,-0.029,0.029
870,1,PC1,Chr01,45300001,45350000,50000,*,-0.029,0.029
871,1,PC1,Chr01,45350001,45400000,50000,*,-0.033,0.033
872,1,PC1,Chr01,45400001,45450000,50000,*,-0.031,0.031
873,1,PC1,Chr01,45450001,45500000,50000,*,-0.026,0.026
874,1,PC1,Chr01,45500001,45550000,50000,*,-0.021,0.021
875,1,PC1,Chr01,45550001,45600000,50000,*,-0.004,0.004
876,1,PC1,Chr01,45600001,45650000,50000,*,0.007,-0.007
877,1,PC1,Chr01,45650001,45700000,50000,*,0.012,-0.012
878,1,PC1,Chr01,45700001,45750000,50000,*,0,0
879,1,PC1,Chr01,45750001,45800000,50000,*,-0.019,0.019
880,1,PC1,Chr01,45800001,45850000,50000,*,-0.013,0.013
881,1,PC1,Chr01,45850001,45900000,50000,*,-0.027,0.027
882,1,PC1,Chr01,45900001,45950000,50000,*,-0.03,0.03
883,1,PC1,Chr01,45950001,46000000,50000,*,-0.029,0.029
884,1,PC1,Chr01,46000001,46050000,50000,*,-0.032,0.032
885,1,PC1,Chr01,46050001,46100000,50000,*,-0.033,0.033
886,1,PC1,Chr01,46100001,46150000,50000,*,-0.032,0.032
887,1,PC1,Chr01,46150001,46200000,50000,*,-0.026,0.026
888,1,PC1,Chr01,46200001,46250000,50000,*,-0.021,0.021
889,1,PC1,Chr01,46250001,46300000,50000,*,-0.006,0.006
890,1,PC1,Chr01,46300001,46350000,50000,*,-0.003,0.003
891,1,PC1,Chr01,46350001,46400000,50000,*,-0.002,0.002
892,1,PC1,Chr01,46450001,46500000,50000,*,0.005,-0.005
893,1,PC1,Chr01,46500001,46550000,50000,*,0.012,-0.012
894,1,PC1,Chr01,46550001,46600000,50000,*,-0.01,0.01
895,1,PC1,Chr01,46600001,46650000,50000,*,-0.01,0.01
896,1,PC1,Chr01,46650001,46700000,50000,*,-0.008,0.008
897,1,PC1,Chr01,46700001,46750000,50000,*,-0.014,0.014
898,1,PC1,Chr01,46750001,46800000,50000,*,0.004,-0.004
899,1,PC1,Chr01,46800001,46850000,50000,*,0.009,-0.009
900,1,PC1,Chr01,46850001,46900000,50000,*,-0.024,0.024
901,1,PC1,Chr01,46900001,46950000,50000,*,-0.027,0.027
902,1,PC1,Chr01,46950001,47000000,50000,*,-0.032,0.032
903,1,PC1,Chr01,47000001,47050000,50000,*,-0.03,0.03
904,1,PC1,Chr01,47050001,47100000,50000,*,-0.03,0.03
905,1,PC1,Chr01,47100001,47150000,50000,*,-0.031,0.031
906,1,PC1,Chr01,47150001,47200000,50000,*,-0.031,0.031
907,1,PC1,Chr01,47200001,47250000,50000,*,-0.031,0.031
908,1,PC1,Chr01,47250001,47300000,50000,*,-0.035,0.035
909,1,PC1,Chr01,47300001,47350000,50000,*,-0.035,0.035
910,1,PC1,Chr01,47350001,47400000,50000,*,-0.036,0.036
911,1,PC1,Chr01,47400001,47450000,50000,*,-0.036,0.036
912,1,PC1,Chr01,47450001,47500000,50000,*,-0.035,0.035
913,1,PC1,Chr01,47500001,47550000,50000,*,-0.037,0.037
914,1,PC1,Chr01,47550001,47600000,50000,*,-0.036,0.036
915,1,PC1,Chr01,47600001,47650000,50000,*,-0.033,0.033
916,1,PC1,Chr01,47650001,47700000,50000,*,-0.03,0.03
917,1,PC1,Chr01,47700001,47750000,50000,*,-0.029,0.029
918,1,PC1,Chr01,47750001,47800000,50000,*,-0.033,0.033
919,1,PC1,Chr01,47800001,47850000,50000,*,-0.03,0.03
920,1,PC1,Chr01,47850001,47900000,50000,*,-0.024,0.024
921,1,PC1,Chr01,47900001,47950000,50000,*,-0.012,0.012
922,1,PC1,Chr01,47950001,48000000,50000,*,0.012,-0.012
923,1,PC1,Chr01,48000001,48050000,50000,*,0.024,-0.024
924,1,PC1,Chr01,48050001,48100000,50000,*,0.022,-0.022
925,1,PC1,Chr01,48100001,48150000,50000,*,0.026,-0.026
926,1,PC1,Chr01,48150001,48200000,50000,*,-0.01,0.01
927,1,PC1,Chr01,48200001,48250000,50000,*,-0.006,0.006
928,1,PC1,Chr01,48250001,48300000,50000,*,-0.019,0.019
929,1,PC1,Chr01,48300001,48350000,50000,*,-0.023,0.023
930,1,PC1,Chr01,48350001,48400000,50000,*,-0.035,0.035
931,1,PC1,Chr01,48400001,48450000,50000,*,-0.032,0.032
932,1,PC1,Chr01,48450001,48500000,50000,*,-0.037,0.037
933,1,PC1,Chr01,48500001,48550000,50000,*,-0.037,0.037
934,1,PC1,Chr01,48550001,48600000,50000,*,-0.036,0.036
935,1,PC1,Chr01,48600001,48650000,50000,*,-0.036,0.036
936,1,PC1,Chr01,48650001,48700000,50000,*,-0.033,0.033
937,1,PC1,Chr01,48700001,48750000,50000,*,-0.036,0.036
938,1,PC1,Chr01,48750001,48800000,50000,*,-0.035,0.035
939,1,PC1,Chr01,48800001,48850000,50000,*,-0.036,0.036
940,1,PC1,Chr01,48850001,48900000,50000,*,-0.035,0.035
941,1,PC1,Chr01,48900001,48950000,50000,*,-0.036,0.036
942,1,PC1,Chr01,48950001,49000000,50000,*,-0.037,0.037
943,1,PC1,Chr01,49000001,49050000,50000,*,-0.036,0.036
944,1,PC1,Chr01,49050001,49100000,50000,*,-0.034,0.034
945,1,PC1,Chr01,49100001,49150000,50000,*,-0.033,0.033
946,1,PC1,Chr01,49150001,49200000,50000,*,-0.037,0.037
947,1,PC1,Chr01,49200001,49250000,50000,*,-0.037,0.037
948,1,PC1,Chr01,49250001,49300000,50000,*,-0.035,0.035
949,1,PC1,Chr01,49300001,49350000,50000,*,-0.036,0.036
950,1,PC1,Chr01,49350001,49400000,50000,*,-0.032,0.032
951,1,PC1,Chr01,49400001,49450000,50000,*,-0.033,0.033
952,1,PC1,Chr01,49450001,49500000,50000,*,-0.028,0.028
953,1,PC1,Chr01,49500001,49550000,50000,*,-0.025,0.025
954,1,PC1,Chr01,49550001,49600000,50000,*,-0.029,0.029
955,1,PC1,Chr01,49600001,49650000,50000,*,-0.03,0.03
956,1,PC1,Chr01,49650001,49700000,50000,*,-0.034,0.034
957,1,PC1,Chr01,49700001,49750000,50000,*,-0.035,0.035
958,1,PC1,Chr01,49750001,49800000,50000,*,-0.037,0.037
959,1,PC1,Chr01,49800001,49850000,50000,*,-0.037,0.037
960,1,PC1,Chr01,49850001,49900000,50000,*,-0.038,0.038
961,1,PC1,Chr01,49900001,49950000,50000,*,-0.038,0.038
962,1,PC1,Chr01,49950001,50000000,50000,*,-0.039,0.039
963,1,PC1,Chr01,50000001,50050000,50000,*,-0.038,0.038
964,1,PC1,Chr01,50050001,50100000,50000,*,-0.039,0.039
965,1,PC1,Chr01,50100001,50150000,50000,*,-0.039,0.039
966,1,PC1,Chr01,50150001,50200000,50000,*,-0.037,0.037
967,1,PC1,Chr01,50200001,50250000,50000,*,-0.039,0.039
968,1,PC1,Chr01,50250001,50300000,50000,*,-0.039,0.039
969,1,PC1,Chr01,50300001,50350000,50000,*,-0.038,0.038
970,1,PC1,Chr01,50350001,50400000,50000,*,-0.039,0.039
971,1,PC1,Chr01,50400001,50450000,50000,*,-0.038,0.038
972,1,PC1,Chr01,50450001,50500000,50000,*,-0.039,0.039
973,1,PC1,Chr01,50500001,50550000,50000,*,-0.038,0.038
974,1,PC1,Chr01,50550001,50600000,50000,*,-0.037,0.037
975,1,PC1,Chr01,50600001,50650000,50000,*,-0.037,0.037
976,1,PC1,Chr01,50650001,50700000,50000,*,-0.038,0.038
977,1,PC1,Chr01,50700001,50750000,50000,*,-0.038,0.038
978,1,PC1,Chr01,50850001,50900000,50000,*,-0.039,0.039
979,1,PC1,Chr01,50900001,50950000,50000,*,-0.039,0.039
980,1,PC1,Chr01,51200001,51250000,50000,*,-0.039,0.039
981,1,PC1,Chr01,51250001,51300000,50000,*,-0.038,0.038
982,1,PC1,Chr01,51300001,51350000,50000,*,-0.039,0.039
983,1,PC1,Chr01,51350001,51400000,50000,*,-0.039,0.039
984,1,PC1,Chr01,51400001,51450000,50000,*,-0.039,0.039
985,1,PC1,Chr01,51450001,51500000,50000,*,-0.039,0.039
986,1,PC1,Chr01,51500001,51550000,50000,*,-0.039,0.039
987,1,PC1,Chr01,51550001,51600000,50000,*,-0.039,0.039
988,1,PC1,Chr01,51600001,51650000,50000,*,-0.039,0.039
